Word,Frequency,French Raw Confidence,French Flower Power,French Matches,English Raw Confidence,English Flower Power,English Matches,French Bias Score,Language Preference
you,87,0.167,0.005,2,1.000,1.000,12,-0.833,English
the,65,1.000,1.000,12,1.000,1.000,12,0.000,Neutral
this,29,0.083,0.001,1,1.000,1.000,12,-0.917,English
have,25,1.000,1.000,12,1.000,1.000,12,0.000,Neutral
are,23,1.000,1.000,12,1.000,1.000,12,0.000,Neutral
that,21,0.167,0.005,2,1.000,1.000,12,-0.833,English
your,18,0.000,0.000,0,1.000,1.000,12,-1.000,English
and,16,0.083,0.001,1,1.000,1.000,12,-0.917,English
cart,15,0.083,0.001,1,1.000,1.000,12,-0.917,English
time,14,1.000,1.000,12,1.000,1.000,12,0.000,Neutral
not,14,1.000,1.000,12,1.000,1.000,12,0.000,Neutral
they,14,0.083,0.001,1,1.000,1.000,12,-0.917,English
like,14,0.250,0.016,3,1.000,1.000,12,-0.750,English
for,13,1.000,1.000,12,1.000,1.000,12,0.000,Neutral
gentlemen,13,0.167,0.005,2,1.000,1.000,12,-0.833,English
let,13,0.083,0.001,1,1.000,1.000,12,-0.917,English
well,10,0.000,0.000,0,1.000,1.000,12,-1.000,English
now,10,0.000,0.000,0,1.000,1.000,12,-1.000,English
back,10,1.000,1.000,12,1.000,1.000,12,0.000,Neutral
push,10,0.083,0.001,1,1.000,1.000,12,-0.917,English
our,10,0.083,0.001,1,1.000,1.000,12,-0.917,English
will,10,0.083,0.001,1,1.000,1.000,12,-0.917,English
finally,9,0.167,0.005,2,1.000,1.000,12,-0.833,English
game,9,0.083,0.001,1,1.000,1.000,12,-0.917,English
what,9,0.000,0.000,0,1.000,1.000,12,-1.000,English
unicorn,9,0.083,0.001,1,1.000,1.000,12,-0.917,English
don,8,1.000,1.000,12,1.000,1.000,12,0.000,Neutral
all,8,0.167,0.005,2,1.000,1.000,12,-0.833,English
yes,8,0.167,0.005,2,1.000,1.000,12,-0.833,English
one,8,1.000,1.000,12,1.000,1.000,12,0.000,Neutral
spy,8,0.000,0.000,0,1.000,1.000,12,-1.000,English
done,8,0.167,0.005,2,1.000,1.000,12,-0.833,English
hell,8,0.083,0.001,1,1.000,1.000,12,-0.917,English
did,8,0.083,0.001,1,1.000,1.000,12,-0.917,English
man,8,0.083,0.001,1,1.000,1.000,12,-0.917,English
can,8,0.000,0.000,0,1.000,1.000,12,-1.000,English
been,8,1.000,1.000,12,1.000,1.000,12,0.000,Neutral
get,8,0.000,0.000,0,1.000,1.000,12,-1.000,English
just,8,0.000,0.000,0,1.000,1.000,12,-1.000,English
stop,8,0.167,0.005,2,1.000,1.000,12,-0.833,English
there,7,0.000,0.000,0,1.000,1.000,12,-1.000,English
course,7,1.000,1.000,12,1.000,1.000,12,0.000,Neutral
point,7,1.000,1.000,12,1.000,1.000,12,0.000,Neutral
again,7,0.000,0.000,0,1.000,1.000,12,-1.000,English
was,7,0.000,0.000,0,1.000,1.000,12,-1.000,English
medic,7,0.000,0.000,0,1.000,1.000,12,-1.000,English
come,6,0.000,0.000,0,1.000,1.000,12,-1.000,English
with,6,0.000,0.000,0,1.000,1.000,12,-1.000,English
good,6,0.250,0.016,3,1.000,1.000,12,-0.750,English
won,6,0.083,0.001,1,1.000,1.000,12,-0.917,English
friend,6,0.000,0.000,0,1.000,1.000,12,-1.000,English
ready,5,0.083,0.001,1,1.000,1.000,12,-0.917,English
doctor,5,0.167,0.005,2,1.000,1.000,12,-0.833,English
stand,5,1.000,1.000,12,1.000,1.000,12,0.000,Neutral
fat,5,1.000,1.000,12,1.000,1.000,12,0.000,Neutral
excellent,5,1.000,1.000,12,1.000,1.000,12,0.000,Neutral
ours,5,1.000,1.000,12,1.000,1.000,12,0.000,Neutral
who,5,0.000,0.000,0,1.000,1.000,12,-1.000,English
prettiest,5,0.000,0.000,0,1.000,1.000,12,-1.000,English
unicorns,5,0.083,0.001,1,1.000,1.000,12,-0.917,English
winning,5,0.000,0.000,0,1.000,1.000,12,-1.000,English
never,5,0.000,0.000,0,1.000,1.000,12,-1.000,English
them,5,0.083,0.001,1,1.000,1.000,12,-0.917,English
win,5,0.083,0.001,1,1.000,1.000,12,-0.917,English
out,5,1.000,1.000,12,1.000,1.000,12,0.000,Neutral
tied,5,0.083,0.001,1,1.000,1.000,12,-0.917,English
next,5,0.083,0.001,1,1.000,1.000,12,-0.917,English
thank,5,0.000,0.000,0,1.000,1.000,12,-1.000,English
day,4,0.000,0.000,0,1.000,1.000,12,-1.000,English
about,4,1.000,1.000,12,1.000,1.000,12,0.000,Neutral
work,4,0.167,0.005,2,1.000,1.000,12,-0.833,English
backs,4,0.000,0.000,0,1.000,1.000,12,-1.000,English
another,4,0.083,0.001,1,1.000,1.000,12,-0.917,English
died,4,0.000,0.000,0,1.000,1.000,12,-1.000,English
bad,4,0.250,0.016,3,1.000,1.000,12,-0.750,English
death,4,0.000,0.000,0,1.000,1.000,12,-1.000,English
but,4,1.000,1.000,12,1.000,1.000,12,0.000,Neutral
feel,4,0.000,0.000,0,1.000,1.000,12,-1.000,English
playing,4,0.083,0.001,1,1.000,1.000,12,-0.917,English
pardner,4,0.000,0.000,0,1.000,1.000,12,-1.000,English
moving,4,0.167,0.005,2,1.000,1.000,12,-0.833,English
fire,4,0.000,0.000,0,1.000,1.000,12,-1.000,English
must,4,0.167,0.005,2,1.000,1.000,12,-0.833,English
dead,4,0.083,0.001,1,1.000,1.000,12,-0.917,English
bomb,4,0.000,0.000,0,1.000,1.000,12,-1.000,English
yet,4,0.000,0.000,0,1.000,1.000,12,-1.000,English
see,4,0.333,0.037,4,1.000,1.000,12,-0.667,English
tell,4,0.083,0.001,1,1.000,1.000,12,-0.917,English
ever,4,0.000,0.000,0,1.000,1.000,12,-1.000,English
than,4,0.083,0.001,1,1.000,1.000,12,-0.917,English
down,4,0.000,0.000,0,1.000,1.000,12,-1.000,English
very,4,0.000,0.000,0,1.000,1.000,12,-1.000,English
nice,4,0.167,0.005,2,1.000,1.000,12,-0.833,English
disgust,4,0.000,0.000,0,1.000,1.000,12,-1.000,English
scout,3,0.167,0.005,2,1.000,1.000,12,-0.833,English
laughter,3,0.000,0.000,0,1.000,1.000,12,-1.000,English
knife,3,0.167,0.005,2,1.000,1.000,12,-0.833,English
last,3,0.083,0.001,1,1.000,1.000,12,-0.917,English
when,3,0.083,0.001,1,1.000,1.000,12,-0.917,English
were,3,0.167,0.005,2,1.000,1.000,12,-0.833,English
more,3,0.250,0.016,3,1.000,1.000,12,-0.750,English
should,3,0.000,0.000,0,1.000,1.000,12,-1.000,English
easy,3,0.083,0.001,1,1.000,1.000,12,-0.917,English
cheers,3,0.000,0.000,0,1.000,1.000,12,-1.000,English
damn,3,0.083,0.001,1,1.000,1.000,12,-0.917,English
little,3,0.083,0.001,1,1.000,1.000,12,-0.917,English
worth,3,0.083,0.001,1,1.000,1.000,12,-0.917,English
everyone,3,0.083,0.001,1,1.000,1.000,12,-0.917,English
rank,3,0.083,0.001,1,1.000,1.000,12,-0.917,English
its,3,0.167,0.005,2,1.000,1.000,12,-0.833,English
play,3,1.000,1.000,12,1.000,1.000,12,0.000,Neutral
some,3,0.000,0.000,0,1.000,1.000,12,-1.000,English
recognized,3,0.000,0.000,0,1.000,1.000,12,-1.000,English
victory,3,0.083,0.001,1,1.000,1.000,12,-0.917,English
take,3,0.000,0.000,0,1.000,1.000,12,-1.000,English
suit,3,1.000,1.000,12,1.000,1.000,12,0.000,Neutral
god,3,0.000,0.000,0,1.000,1.000,12,-1.000,English
much,3,0.167,0.005,2,1.000,1.000,12,-0.833,English
need,3,0.083,0.001,1,1.000,1.000,12,-0.917,English
six,3,1.000,1.000,12,1.000,1.000,12,0.000,Neutral
really,3,0.000,0.000,0,1.000,1.000,12,-1.000,English
give,3,0.083,0.001,1,1.000,1.000,12,-0.917,English
home,3,1.000,1.000,12,1.000,1.000,12,0.000,Neutral
handsome,3,0.083,0.001,1,1.000,1.000,12,-0.917,English
miss,3,0.000,0.000,0,1.000,1.000,12,-1.000,English
any,3,0.167,0.005,2,1.000,1.000,12,-0.833,English
bridge,3,1.000,1.000,12,1.000,1.000,12,0.000,Neutral
ranked,3,0.083,0.001,1,1.000,1.000,12,-0.917,English
please,3,0.083,0.001,1,1.000,1.000,12,-0.917,English
merde,3,1.000,1.000,12,1.000,1.000,12,0.000,Neutral
call,3,0.000,0.000,0,1.000,1.000,12,-1.000,English
robots,3,1.000,1.000,12,1.000,1.000,12,0.000,Neutral
gate,3,1.000,1.000,12,1.000,1.000,12,0.000,Neutral
beat,3,0.000,0.000,0,1.000,1.000,12,-1.000,English
fantastic,3,0.167,0.005,2,1.000,1.000,12,-0.833,English
got,3,0.000,0.000,0,1.000,1.000,12,-1.000,English
why,3,0.083,0.001,1,1.000,1.000,12,-0.917,English
kaboom,2,0.083,0.001,1,1.000,1.000,12,-0.917,English
wretch,2,0.167,0.005,2,1.000,1.000,12,-0.833,English
make,2,0.083,0.001,1,1.000,1.000,12,-0.917,English
over,2,0.083,0.001,1,1.000,1.000,12,-0.917,English
surprise,2,1.000,1.000,12,1.000,1.000,12,0.000,Neutral
abort,2,0.000,0.000,0,1.000,1.000,12,-1.000,English
haven,2,0.167,0.005,2,1.000,1.000,12,-0.833,English
blood,2,0.083,0.001,1,1.000,1.000,12,-0.917,English
off,2,0.000,0.000,0,1.000,1.000,12,-1.000,English
his,2,0.000,0.000,0,1.000,1.000,12,-1.000,English
stab,2,0.000,0.000,0,1.000,1.000,12,-1.000,English
wound,2,0.083,0.001,1,1.000,1.000,12,-0.917,English
apologies,2,0.083,0.001,1,1.000,1.000,12,-0.917,English
nothing,2,0.083,0.001,1,1.000,1.000,12,-0.917,English
aww,2,0.167,0.005,2,0.917,0.770,11,-0.750,English
too,2,0.083,0.001,1,1.000,1.000,12,-0.917,English
wasn,2,0.083,0.001,1,1.000,1.000,12,-0.917,English
barpo,2,0.083,0.001,1,0.667,0.296,8,-0.583,English
before,2,0.000,0.000,0,1.000,1.000,12,-1.000,English
anyone,2,0.000,0.000,0,1.000,1.000,12,-1.000,English
asks,2,0.000,0.000,0,1.000,1.000,12,-1.000,English
cannot,2,0.083,0.001,1,1.000,1.000,12,-0.917,English
disguise,2,0.000,0.000,0,1.000,1.000,12,-1.000,English
saxton,2,0.000,0.000,0,1.000,1.000,12,-1.000,English
boo,2,0.167,0.005,2,1.000,1.000,12,-0.833,English
idiot,2,1.000,1.000,12,1.000,1.000,12,0.000,Neutral
imbecile,2,1.000,1.000,12,1.000,1.000,12,0.000,Neutral
losing,2,0.167,0.005,2,1.000,1.000,12,-0.833,English
into,2,0.083,0.001,1,1.000,1.000,12,-0.917,English
does,2,0.417,0.072,5,1.000,1.000,12,-0.583,English
dominated,2,0.167,0.005,2,1.000,1.000,12,-0.833,English
job,2,1.000,1.000,12,1.000,1.000,12,0.000,Neutral
new,2,0.167,0.005,2,1.000,1.000,12,-0.833,English
senses,2,0.167,0.005,2,1.000,1.000,12,-0.833,English
ranks,2,0.000,0.000,0,1.000,1.000,12,-1.000,English
because,2,0.083,0.001,1,1.000,1.000,12,-0.917,English
comp,2,0.000,0.000,0,1.000,1.000,12,-1.000,English
class,2,0.000,0.000,0,1.000,1.000,12,-1.000,English
brilliance,2,0.000,0.000,0,1.000,1.000,12,-1.000,English
first,2,0.000,0.000,0,1.000,1.000,12,-1.000,English
carry,2,0.167,0.005,2,1.000,1.000,12,-0.833,English
else,2,0.083,0.001,1,1.000,1.000,12,-0.917,English
might,2,0.250,0.016,3,1.000,1.000,12,-0.750,English
help,2,0.000,0.000,0,1.000,1.000,12,-1.000,English
mate,2,0.250,0.016,3,1.000,1.000,12,-0.750,English
how,2,0.000,0.000,0,1.000,1.000,12,-1.000,English
better,2,0.000,0.000,0,1.000,1.000,12,-1.000,English
laborer,2,0.083,0.001,1,1.000,1.000,12,-0.917,English
hello,2,0.000,0.000,0,1.000,1.000,12,-1.000,English
here,2,0.000,0.000,0,1.000,1.000,12,-1.000,English
liver,2,0.083,0.001,1,1.000,1.000,12,-0.917,English
depth,2,0.000,0.000,0,1.000,1.000,12,-1.000,English
hmm,2,0.167,0.005,2,0.417,0.072,5,-0.250,English
shown,2,0.000,0.000,0,1.000,1.000,12,-1.000,English
boss,2,1.000,1.000,12,1.000,1.000,12,0.000,Neutral
bottle,2,0.167,0.005,2,1.000,1.000,12,-0.833,English
impressed,2,0.083,0.001,1,1.000,1.000,12,-0.917,English
know,2,0.000,0.000,0,1.000,1.000,12,-1.000,English
close,2,1.000,1.000,12,1.000,1.000,12,0.000,Neutral
claim,2,0.000,0.000,0,1.000,1.000,12,-1.000,English
hate,2,1.000,1.000,12,1.000,1.000,12,0.000,Neutral
moment,2,1.000,1.000,12,1.000,1.000,12,0.000,Neutral
think,2,0.000,0.000,0,1.000,1.000,12,-1.000,English
pauling,2,0.000,0.000,0,0.667,0.296,8,-0.667,English
mother,2,0.083,0.001,1,1.000,1.000,12,-0.917,English
coming,2,0.000,0.000,0,1.000,1.000,12,-1.000,English
suck,2,0.083,0.001,1,1.000,1.000,12,-0.917,English
find,2,0.167,0.005,2,1.000,1.000,12,-0.833,English
thing,2,0.083,0.001,1,1.000,1.000,12,-0.917,English
mon,2,1.000,1.000,12,1.000,1.000,12,0.000,Neutral
dieu,2,1.000,1.000,12,0.833,0.579,10,0.167,French
seems,2,0.083,0.001,1,1.000,1.000,12,-0.917,English
has,2,1.000,1.000,12,1.000,1.000,12,0.000,Neutral
only,2,0.000,0.000,0,1.000,1.000,12,-1.000,English
mine,2,1.000,1.000,12,1.000,1.000,12,0.000,Neutral
jarate,2,0.250,0.016,3,0.833,0.579,10,-0.583,English
best,2,1.000,1.000,12,1.000,1.000,12,0.000,Neutral
serious,2,0.000,0.000,0,1.000,1.000,12,-1.000,English
may,2,0.167,0.005,2,1.000,1.000,12,-0.833,English
maybe,2,0.000,0.000,0,1.000,1.000,12,-1.000,English
send,2,0.000,0.000,0,1.000,1.000,12,-1.000,English
nooo,2,0.083,0.001,1,1.000,1.000,12,-0.917,English
quick,2,0.000,0.000,0,1.000,1.000,12,-1.000,English
him,2,0.083,0.001,1,1.000,1.000,12,-0.917,English
dear,2,0.083,0.001,1,1.000,1.000,12,-0.917,English
quite,2,0.083,0.001,1,1.000,1.000,12,-0.917,English
soldier,2,0.083,0.001,1,1.000,1.000,12,-0.917,English
stay,2,0.167,0.005,2,1.000,1.000,12,-0.833,English
weren,2,0.000,0.000,0,1.000,1.000,12,-1.000,English
being,2,0.083,0.001,1,1.000,1.000,12,-0.917,English
bury,2,0.000,0.000,0,1.000,1.000,12,-1.000,English
van,2,1.000,1.000,12,1.000,1.000,12,0.000,Neutral
quickly,2,0.167,0.005,2,1.000,1.000,12,-0.833,English
idiots,2,0.000,0.000,0,1.000,1.000,12,-1.000,English
shall,2,0.083,0.001,1,1.000,1.000,12,-0.917,English
healthy,2,0.167,0.005,2,1.000,1.000,12,-0.833,English
sorry,2,0.083,0.001,1,1.000,1.000,12,-0.917,English
unkillable,2,0.083,0.001,1,1.000,1.000,12,-0.917,English
mocking,2,0.083,0.001,1,1.000,1.000,12,-0.917,English
hiding,2,0.000,0.000,0,1.000,1.000,12,-1.000,English
die,2,0.083,0.001,1,1.000,1.000,12,-0.917,English
such,2,0.250,0.016,3,1.000,1.000,12,-0.750,English
supposed,2,0.167,0.005,2,1.000,1.000,12,-0.833,English
match,2,1.000,1.000,12,1.000,1.000,12,0.000,Neutral
doubt,2,0.000,0.000,0,1.000,1.000,12,-1.000,English
today,2,0.000,0.000,0,1.000,1.000,12,-1.000,English
ugh,2,0.000,0.000,0,1.000,1.000,12,-1.000,English
earned,2,0.083,0.001,1,1.000,1.000,12,-0.917,English
lived,2,0.083,0.001,1,1.000,1.000,12,-0.917,English
sir,1,1.000,1.000,12,1.000,1.000,12,0.000,Neutral
indeed,1,0.000,0.000,0,1.000,1.000,12,-1.000,English
drunken,1,0.083,0.001,1,1.000,1.000,12,-0.917,English
rainbows,1,0.000,0.000,0,1.000,1.000,12,-1.000,English
cry,1,0.000,0.000,0,1.000,1.000,12,-1.000,English
dramatic,1,0.167,0.005,2,1.000,1.000,12,-0.833,English
scream,1,0.167,0.005,2,1.000,1.000,12,-0.833,English
after,1,0.000,0.000,0,1.000,1.000,12,-1.000,English
came,1,1.000,1.000,12,1.000,1.000,12,0.000,Neutral
crawling,1,0.167,0.005,2,1.000,1.000,12,-0.833,English
ahem,1,0.000,0.000,0,1.000,1.000,12,-1.000,English
already,1,0.167,0.005,2,1.000,1.000,12,-0.833,English
wiped,1,0.167,0.005,2,1.000,1.000,12,-0.833,English
from,1,0.000,0.000,0,1.000,1.000,12,-1.000,English
round,1,1.000,1.000,12,1.000,1.000,12,0.000,Neutral
amplus,1,0.167,0.005,2,0.583,0.198,7,-0.417,English
tripudio,1,0.083,0.001,1,0.583,0.198,7,-0.500,English
saw,1,0.000,0.000,0,1.000,1.000,12,-1.000,English
breadth,1,0.000,0.000,0,1.000,1.000,12,-1.000,English
achievement,1,0.083,0.001,1,1.000,1.000,12,-0.917,English
wept,1,0.000,0.000,0,1.000,1.000,12,-1.000,English
gaping,1,0.083,0.001,1,1.000,1.000,12,-0.917,English
successful,1,0.000,0.000,0,1.000,1.000,12,-1.000,English
mission,1,1.000,1.000,12,1.000,1.000,12,0.000,Neutral
anytime,1,0.250,0.016,3,1.000,1.000,12,-0.750,English
long,1,1.000,1.000,12,1.000,1.000,12,0.000,Neutral
supernatural,1,0.167,0.005,2,1.000,1.000,12,-0.833,English
happens,1,0.000,0.000,0,1.000,1.000,12,-1.000,English
least,1,0.000,0.000,0,1.000,1.000,12,-1.000,English
honor,1,0.250,0.016,3,1.000,1.000,12,-0.750,English
amusement,1,1.000,1.000,12,1.000,1.000,12,0.000,Neutral
pie,1,1.000,1.000,12,1.000,1.000,12,0.000,Neutral
eating,1,0.000,0.000,0,1.000,1.000,12,-1.000,English
contest,1,0.083,0.001,1,1.000,1.000,12,-0.917,English
almost,1,0.000,0.000,0,1.000,1.000,12,-1.000,English
healed,1,0.083,0.001,1,1.000,1.000,12,-0.917,English
awwwwww,1,0.000,0.000,0,0.833,0.579,10,-0.833,English
invisium,1,0.000,0.000,0,0.583,0.198,7,-0.583,English
kabalto,1,0.000,0.000,0,0.583,0.198,7,-0.583,English
repulsive,1,0.167,0.005,2,1.000,1.000,12,-0.833,English
bushman,1,0.083,0.001,1,1.000,1.000,12,-0.917,English
burn,1,0.000,0.000,0,1.000,1.000,12,-1.000,English
mumbling,1,0.083,0.001,1,1.000,1.000,12,-0.917,English
abomination,1,1.000,1.000,12,1.000,1.000,12,0.000,Neutral
caputus,1,0.083,0.001,1,0.917,0.770,11,-0.833,English
crepitus,1,0.000,0.000,0,1.000,1.000,12,-1.000,English
engineers,1,0.083,0.001,1,1.000,1.000,12,-0.917,English
coward,1,0.000,0.000,0,1.000,1.000,12,-1.000,English
ground,1,0.167,0.005,2,1.000,1.000,12,-0.833,English
doorway,1,0.083,0.001,1,1.000,1.000,12,-0.917,English
deus,1,0.083,0.001,1,1.000,1.000,12,-0.917,English
invictus,1,0.083,0.001,1,0.917,0.770,11,-0.833,English
throw,1,0.000,0.000,0,1.000,1.000,12,-1.000,English
wrench,1,0.083,0.001,1,1.000,1.000,12,-0.917,English
plans,1,1.000,1.000,12,1.000,1.000,12,0.000,Neutral
forget,1,0.083,0.001,1,1.000,1.000,12,-0.917,English
leave,1,0.083,0.001,1,1.000,1.000,12,-0.917,English
hurt,1,0.167,0.005,2,1.000,1.000,12,-0.833,English
doesn,1,0.083,0.001,1,1.000,1.000,12,-0.917,English
fatuous,1,0.000,0.000,0,1.000,1.000,12,-1.000,English
headed,1,0.000,0.000,0,1.000,1.000,12,-1.000,English
mush,1,0.417,0.072,5,1.000,1.000,12,-0.583,English
mouthed,1,0.000,0.000,0,1.000,1.000,12,-1.000,English
freak,1,0.167,0.005,2,1.000,1.000,12,-0.833,English
fine,1,1.000,1.000,12,1.000,1.000,12,0.000,Neutral
tossing,1,0.083,0.001,1,1.000,1.000,12,-0.917,English
balls,1,0.000,0.000,0,1.000,1.000,12,-1.000,English
around,1,0.167,0.005,2,1.000,1.000,12,-0.833,English
ewwwweugh,1,0.083,0.001,1,0.750,0.422,9,-0.667,English
enough,1,0.000,0.000,0,1.000,1.000,12,-1.000,English
practice,1,0.083,0.001,1,1.000,1.000,12,-0.917,English
start,1,0.000,0.000,0,1.000,1.000,12,-1.000,English
base,1,1.000,1.000,12,1.000,1.000,12,0.000,Neutral
comes,1,0.000,0.000,0,1.000,1.000,12,-1.000,English
welcomes,1,0.167,0.005,2,1.000,1.000,12,-0.833,English
mode,1,1.000,1.000,12,1.000,1.000,12,0.000,Neutral
bring,1,0.000,0.000,0,1.000,1.000,12,-1.000,English
recognition,1,0.083,0.001,1,1.000,1.000,12,-0.917,English
welcomed,1,0.000,0.000,0,1.000,1.000,12,-1.000,English
rate,1,1.000,1.000,12,1.000,1.000,12,0.000,Neutral
five,1,0.000,0.000,0,1.000,1.000,12,-1.000,English
sacks,1,0.250,0.016,3,1.000,1.000,12,-0.750,English
flour,1,0.083,0.001,1,1.000,1.000,12,-0.917,English
sigh,1,0.083,0.001,1,1.000,1.000,12,-0.917,English
someone,1,0.083,0.001,1,1.000,1.000,12,-0.917,English
challenge,1,1.000,1.000,12,1.000,1.000,12,0.000,Neutral
giddyup,1,0.083,0.001,1,0.667,0.296,8,-0.583,English
cheap,1,0.333,0.037,4,1.000,1.000,12,-0.667,English
lord,1,1.000,1.000,12,1.000,1.000,12,0.000,Neutral
fight,1,0.083,0.001,1,1.000,1.000,12,-0.917,English
woman,1,0.167,0.005,2,1.000,1.000,12,-0.833,English
hah,1,0.083,0.001,1,1.000,1.000,12,-0.917,English
happy,1,0.000,0.000,0,1.000,1.000,12,-1.000,English
trails,1,0.083,0.001,1,1.000,1.000,12,-0.917,English
dumbbell,1,0.000,0.000,0,1.000,1.000,12,-1.000,English
lies,1,1.000,1.000,12,1.000,1.000,12,0.000,Neutral
ran,1,0.000,0.000,0,1.000,1.000,12,-1.000,English
fast,1,0.000,0.000,0,1.000,1.000,12,-1.000,English
virgin,1,0.000,0.000,0,1.000,1.000,12,-1.000,English
functioning,1,0.167,0.005,2,1.000,1.000,12,-0.833,English
perception,1,1.000,1.000,12,1.000,1.000,12,0.000,Neutral
pulse,1,0.000,0.000,0,1.000,1.000,12,-1.000,English
hoh,1,0.167,0.005,2,0.917,0.770,11,-0.750,English
scrumpy,1,0.167,0.005,2,1.000,1.000,12,-0.833,English
howdy,1,0.083,0.001,1,1.000,1.000,12,-0.917,English
hsssssssss,1,0.417,0.072,5,1.000,1.000,12,-0.583,English
easily,1,0.250,0.016,3,1.000,1.000,12,-0.750,English
deadliest,1,0.250,0.016,3,1.000,1.000,12,-0.750,English
second,1,1.000,1.000,12,1.000,1.000,12,0.000,Neutral
uncorking,1,0.083,0.001,1,1.000,1.000,12,-0.917,English
1942,1,0.083,0.001,1,0.583,0.198,7,-0.500,English
château,1,0.167,0.005,2,0.750,0.422,9,-0.583,English
backstab,1,0.000,0.000,0,1.000,1.000,12,-1.000,English
appear,1,0.083,0.001,1,1.000,1.000,12,-0.917,English
burst,1,0.000,0.000,0,1.000,1.000,12,-1.000,English
flames,1,0.000,0.000,0,1.000,1.000,12,-1.000,English
appreciate,1,0.000,0.000,0,1.000,1.000,12,-1.000,English
friendship,1,0.083,0.001,1,1.000,1.000,12,-0.917,English
magic,1,0.000,0.000,0,1.000,1.000,12,-1.000,English
coursing,1,0.167,0.005,2,1.000,1.000,12,-0.833,English
through,1,0.167,0.005,2,1.000,1.000,12,-0.833,English
veins,1,0.083,0.001,1,1.000,1.000,12,-0.917,English
france,1,0.167,0.005,2,1.000,1.000,12,-0.833,English
could,1,0.250,0.016,3,1.000,1.000,12,-0.750,English
believe,1,0.000,0.000,0,1.000,1.000,12,-1.000,English
dominate,1,0.250,0.016,3,1.000,1.000,12,-0.750,English
sluggish,1,0.083,0.001,1,1.000,1.000,12,-0.917,English
simpleton,1,0.250,0.016,3,1.000,1.000,12,-0.750,English
très,1,0.000,0.000,0,0.417,0.072,5,-0.417,English
bon,1,1.000,1.000,12,1.000,1.000,12,0.000,Neutral
feeling,1,0.083,0.001,1,1.000,1.000,12,-0.917,English
tie,1,0.083,0.001,1,1.000,1.000,12,-0.917,English
wearing,1,0.083,0.001,1,1.000,1.000,12,-0.917,English
silk,1,0.250,0.016,3,1.000,1.000,12,-0.750,English
costs,1,0.000,0.000,0,1.000,1.000,12,-1.000,English
9000,1,0.250,0.016,3,0.667,0.296,8,-0.417,English
returned,1,0.000,0.000,0,1.000,1.000,12,-1.000,English
enemies,1,0.083,0.001,1,1.000,1.000,12,-0.917,English
wines,1,0.000,0.000,0,1.000,1.000,12,-1.000,English
breathe,1,0.083,0.001,1,1.000,1.000,12,-0.917,English
teams,1,0.083,0.001,1,1.000,1.000,12,-0.917,English
romances,1,0.083,0.001,1,1.000,1.000,12,-0.917,English
groups,1,0.000,0.000,0,1.000,1.000,12,-1.000,English
murdered,1,0.083,0.001,1,1.000,1.000,12,-0.917,English
toys,1,0.000,0.000,0,1.000,1.000,12,-1.000,English
dreaming,1,0.250,0.016,3,1.000,1.000,12,-0.750,English
side,1,0.083,0.001,1,1.000,1.000,12,-0.917,English
developed,1,0.083,0.001,1,1.000,1.000,12,-0.917,English
taste,1,0.083,0.001,1,1.000,1.000,12,-0.917,English
seeeing,1,0.083,0.001,1,0.667,0.296,8,-0.583,English
youuu,1,0.000,0.000,0,0.917,0.770,11,-0.917,English
rogue,1,0.083,0.001,1,1.000,1.000,12,-0.917,English
occupied,1,0.250,0.016,3,1.000,1.000,12,-0.750,English
subnormal,1,0.167,0.005,2,1.000,1.000,12,-0.833,English
halfwit,1,0.083,0.001,1,1.000,1.000,12,-0.917,English
looking,1,0.083,0.001,1,1.000,1.000,12,-0.917,English
ray,1,1.000,1.000,12,1.000,1.000,12,0.000,Neutral
afraid,1,0.000,0.000,0,1.000,1.000,12,-1.000,English
gotten,1,0.250,0.016,3,1.000,1.000,12,-0.750,English
worse,1,0.083,0.001,1,1.000,1.000,12,-0.917,English
scrapes,1,0.083,0.001,1,1.000,1.000,12,-0.917,English
merely,1,0.083,0.001,1,1.000,1.000,12,-0.917,English
finished,1,0.083,0.001,1,1.000,1.000,12,-0.917,English
started,1,0.250,0.016,3,1.000,1.000,12,-0.750,English
prettier,1,0.083,0.001,1,1.000,1.000,12,-0.917,English
follow,1,0.083,0.001,1,1.000,1.000,12,-0.917,English
those,1,0.167,0.005,2,1.000,1.000,12,-0.833,English
ranking,1,0.000,0.000,0,1.000,1.000,12,-1.000,English
imputum,1,0.000,0.000,0,0.833,0.579,10,-0.833,English
fulmenus,1,0.083,0.001,1,1.000,1.000,12,-0.917,English
invokum,1,0.083,0.001,1,0.750,0.422,9,-0.667,English
monoculus,1,0.167,0.005,2,1.000,1.000,12,-0.833,English
ipsum,1,0.000,0.000,0,0.833,0.579,10,-0.833,English
instantarium,1,0.250,0.016,3,0.750,0.422,9,-0.500,English
looks,1,0.083,0.001,1,1.000,1.000,12,-0.917,English
busy,1,0.167,0.005,2,1.000,1.000,12,-0.833,English
things,1,0.083,0.001,1,1.000,1.000,12,-0.917,English
join,1,0.000,0.000,0,1.000,1.000,12,-1.000,English
given,1,0.083,0.001,1,1.000,1.000,12,-0.917,English
promotion,1,1.000,1.000,12,1.000,1.000,12,0.000,Neutral
perfect,1,0.083,0.001,1,1.000,1.000,12,-0.917,English
witching,1,0.167,0.005,2,1.000,1.000,12,-0.833,English
hour,1,0.000,0.000,0,1.000,1.000,12,-1.000,English
kind,1,0.000,0.000,0,1.000,1.000,12,-1.000,English
nooooooo,1,0.250,0.016,3,0.833,0.579,10,-0.583,English
jealous,1,0.083,0.001,1,1.000,1.000,12,-0.917,English
keep,1,0.083,0.001,1,1.000,1.000,12,-0.917,English
pressure,1,0.000,0.000,0,1.000,1.000,12,-1.000,English
medicine,1,0.000,0.000,0,1.000,1.000,12,-1.000,English
final,1,1.000,1.000,12,1.000,1.000,12,0.000,Neutral
reward,1,0.250,0.016,3,1.000,1.000,12,-0.750,English
settle,1,0.083,0.001,1,1.000,1.000,12,-0.917,English
listen,1,0.000,0.000,0,1.000,1.000,12,-1.000,English
magnificent,1,0.083,0.001,1,1.000,1.000,12,-0.917,English
marvelous,1,0.000,0.000,0,1.000,1.000,12,-1.000,English
borrow,1,0.083,0.001,1,1.000,1.000,12,-0.917,English
earpiece,1,0.000,0.000,0,1.000,1.000,12,-1.000,English
suggestion,1,1.000,1.000,12,1.000,1.000,12,0.000,Neutral
run,1,0.000,0.000,0,1.000,1.000,12,-1.000,English
colleagues,1,0.083,0.001,1,1.000,1.000,12,-0.917,English
mhm,1,0.250,0.016,3,0.417,0.072,5,-0.167,English
ask,1,0.083,0.001,1,1.000,1.000,12,-0.917,English
mortis,1,0.000,0.000,0,1.000,1.000,12,-1.000,English
animataris,1,0.083,0.001,1,0.583,0.198,7,-0.500,English
appreciated,1,0.083,0.001,1,1.000,1.000,12,-0.917,English
appreciation,1,1.000,1.000,12,1.000,1.000,12,0.000,Neutral
amigo,1,0.250,0.016,3,1.000,1.000,12,-0.750,English
sharp,1,0.083,0.001,1,1.000,1.000,12,-0.917,English
watch,1,0.167,0.005,2,1.000,1.000,12,-0.833,English
ski,1,1.000,1.000,12,1.000,1.000,12,0.000,Neutral
mask,1,0.167,0.005,2,1.000,1.000,12,-0.833,English
freshly,1,0.083,0.001,1,1.000,1.000,12,-0.917,English
laundered,1,0.000,0.000,0,1.000,1.000,12,-1.000,English
pleasure,1,0.083,0.001,1,1.000,1.000,12,-0.917,English
coffin,1,0.167,0.005,2,1.000,1.000,12,-0.833,English
contain,1,0.000,0.000,0,1.000,1.000,12,-1.000,English
worries,1,0.000,0.000,0,1.000,1.000,12,-1.000,English
draw,1,0.000,0.000,0,1.000,1.000,12,-1.000,English
finest,1,0.167,0.005,2,1.000,1.000,12,-0.833,English
personal,1,0.000,0.000,0,1.000,1.000,12,-1.000,English
had,1,0.333,0.037,4,1.000,1.000,12,-0.667,English
shut,1,0.083,0.001,1,1.000,1.000,12,-0.917,English
cross,1,0.000,0.000,0,1.000,1.000,12,-1.000,English
grab,1,0.000,0.000,0,1.000,1.000,12,-1.000,English
fault,1,0.000,0.000,0,1.000,1.000,12,-1.000,English
barely,1,0.167,0.005,2,1.000,1.000,12,-0.833,English
even,1,0.083,0.001,1,1.000,1.000,12,-0.917,English
scratched,1,0.083,0.001,1,1.000,1.000,12,-0.917,English
sure,1,1.000,1.000,12,1.000,1.000,12,0.000,Neutral
made,1,1.000,1.000,12,1.000,1.000,12,0.000,Neutral
mess,1,0.083,0.001,1,1.000,1.000,12,-0.917,English
replace,1,0.000,0.000,0,1.000,1.000,12,-1.000,English
getting,1,0.083,0.001,1,1.000,1.000,12,-0.917,English
awkward,1,0.000,0.000,0,1.000,1.000,12,-1.000,English
lost,1,0.083,0.001,1,1.000,1.000,12,-0.917,English
fantastique,1,1.000,1.000,12,0.583,0.198,7,0.417,French
ooh,1,0.000,0.000,0,1.000,1.000,12,-1.000,English
bunny,1,0.083,0.001,1,1.000,1.000,12,-0.917,English
kills,1,0.083,0.001,1,1.000,1.000,12,-0.917,English
still,1,0.083,0.001,1,1.000,1.000,12,-0.917,English
ahead,1,0.167,0.005,2,1.000,1.000,12,-0.833,English
influence,1,1.000,1.000,12,1.000,1.000,12,0.000,Neutral
grows,1,0.083,0.001,1,1.000,1.000,12,-0.917,English
skills,1,0.083,0.001,1,1.000,1.000,12,-0.917,English
acknowledged,1,0.000,0.000,0,1.000,1.000,12,-1.000,English
pactum,1,0.000,0.000,0,1.000,1.000,12,-1.000,English
diabolus,1,0.000,0.000,0,1.000,1.000,12,-1.000,English
paidum,1,0.000,0.000,0,0.417,0.072,5,-0.417,English
celeris,1,0.167,0.005,2,0.750,0.422,9,-0.583,English
pardon,1,1.000,1.000,12,1.000,1.000,12,0.000,Neutral
peek,1,0.000,0.000,0,1.000,1.000,12,-1.000,English
perhaps,1,0.000,0.000,0,1.000,1.000,12,-1.000,English
preposterous,1,0.083,0.001,1,1.000,1.000,12,-0.917,English
promise,1,1.000,1.000,12,1.000,1.000,12,0.000,Neutral
bleed,1,0.083,0.001,1,1.000,1.000,12,-0.917,English
kill,1,0.167,0.005,2,1.000,1.000,12,-0.833,English
queen,1,0.167,0.005,2,1.000,1.000,12,-0.833,English
rules,1,0.083,0.001,1,1.000,1.000,12,-0.917,English
island,1,0.167,0.005,2,1.000,1.000,12,-0.833,English
sacrebleu,1,0.000,0.000,0,0.500,0.125,6,-0.500,English
seismela,1,0.333,0.037,4,0.833,0.579,10,-0.500,English
tremoro,1,0.000,0.000,0,0.417,0.072,5,-0.417,English
mind,1,0.000,0.000,0,1.000,1.000,12,-1.000,English
waiting,1,0.417,0.072,5,1.000,1.000,12,-0.583,English
stabbed,1,0.083,0.001,1,1.000,1.000,12,-0.917,English
sniff,1,0.083,0.001,1,1.000,1.000,12,-0.917,English
smell,1,0.083,0.001,1,1.000,1.000,12,-0.917,English
unstabbed,1,0.000,0.000,0,1.000,1.000,12,-1.000,English
smooth,1,0.000,0.000,0,1.000,1.000,12,-1.000,English
untouched,1,0.083,0.001,1,1.000,1.000,12,-0.917,English
wounds,1,0.000,0.000,0,1.000,1.000,12,-1.000,English
love,1,0.083,0.001,1,1.000,1.000,12,-0.917,English
blank,1,0.000,0.000,0,1.000,1.000,12,-1.000,English
canvas,1,0.083,0.001,1,1.000,1.000,12,-0.917,English
many,1,0.167,0.005,2,1.000,1.000,12,-0.833,English
deadly,1,0.417,0.072,5,1.000,1.000,12,-0.583,English
skill,1,0.083,0.001,1,1.000,1.000,12,-0.917,English
jogging,1,1.000,1.000,12,1.000,1.000,12,0.000,Neutral
murdering,1,0.083,0.001,1,1.000,1.000,12,-0.917,English
people,1,1.000,1.000,12,1.000,1.000,12,0.000,Neutral
somebody,1,0.083,0.001,1,1.000,1.000,12,-0.917,English
pop,1,1.000,1.000,12,1.000,1.000,12,0.000,Neutral
unannounced,1,0.083,0.001,1,1.000,1.000,12,-0.917,English
horn,1,0.083,0.001,1,1.000,1.000,12,-0.917,English
splendid,1,0.167,0.005,2,1.000,1.000,12,-0.833,English
scoundrel,1,0.083,0.001,1,1.000,1.000,12,-0.917,English
success,1,0.000,0.000,0,1.000,1.000,12,-1.000,English
diet,1,0.167,0.005,2,1.000,1.000,12,-0.833,English
warm,1,0.250,0.016,3,1.000,1.000,12,-0.750,English
unfortunate,1,0.083,0.001,1,1.000,1.000,12,-0.917,English
black,1,1.000,1.000,12,1.000,1.000,12,0.000,Neutral
scottish,1,0.167,0.005,2,1.000,1.000,12,-0.833,English
cyclops,1,0.167,0.005,2,1.000,1.000,12,-0.833,English
extinct,1,0.083,0.001,1,1.000,1.000,12,-0.917,English
move,1,0.083,0.001,1,1.000,1.000,12,-0.917,English
forward,1,0.000,0.000,0,1.000,1.000,12,-1.000,English
isn,1,0.083,0.001,1,1.000,1.000,12,-0.917,English
outcome,1,0.167,0.005,2,1.000,1.000,12,-0.833,English
taking,1,0.083,0.001,1,1.000,1.000,12,-0.917,English
taken,1,0.250,0.016,3,1.000,1.000,12,-0.750,English
world,1,1.000,1.000,12,1.000,1.000,12,0.000,Neutral
monster,1,0.167,0.005,2,1.000,1.000,12,-0.833,English
room,1,0.167,0.005,2,1.000,1.000,12,-0.833,English
two,1,0.000,0.000,0,1.000,1.000,12,-1.000,English
pretty,1,0.000,0.000,0,1.000,1.000,12,-1.000,English
once,1,1.000,1.000,12,1.000,1.000,12,0.000,Neutral
tomb,1,0.000,0.000,0,1.000,1.000,12,-1.000,English
unskilled,1,0.083,0.001,1,1.000,1.000,12,-0.917,English
whiners,1,0.167,0.005,2,1.000,1.000,12,-0.833,English
noooooo,1,0.000,0.000,0,0.583,0.198,7,-0.583,English
cap,1,1.000,1.000,12,1.000,1.000,12,0.000,Neutral
under,1,0.083,0.001,1,1.000,1.000,12,-0.917,English
iron,1,0.083,0.001,1,1.000,1.000,12,-0.917,English
hoof,1,0.000,0.000,0,1.000,1.000,12,-1.000,English
fairyland,1,0.167,0.005,2,1.000,1.000,12,-0.833,English
belongs,1,0.000,0.000,0,1.000,1.000,12,-1.000,English
corpse,1,0.083,0.001,1,1.000,1.000,12,-0.917,English
disposed,1,0.083,0.001,1,1.000,1.000,12,-0.917,English
night,1,0.000,0.000,0,1.000,1.000,12,-1.000,English
pony,1,0.000,0.000,0,1.000,1.000,12,-1.000,English
emerge,1,0.250,0.016,3,1.000,1.000,12,-0.750,English
victorious,1,0.167,0.005,2,1.000,1.000,12,-0.833,English
top,1,1.000,1.000,12,1.000,1.000,12,0.000,Neutral
shelf,1,0.083,0.001,1,1.000,1.000,12,-0.917,English
stopped,1,0.000,0.000,0,1.000,1.000,12,-1.000,English
voilà,1,0.000,0.000,0,0.833,0.579,10,-0.833,English
knew,1,0.083,0.001,1,1.000,1.000,12,-0.917,English
unacceptable,1,0.083,0.001,1,1.000,1.000,12,-0.917,English
correct,1,1.000,1.000,12,1.000,1.000,12,0.000,Neutral
immediately,1,0.000,0.000,0,1.000,1.000,12,-1.000,English
mean,1,0.167,0.005,2,1.000,1.000,12,-0.833,English
promoted,1,0.167,0.005,2,1.000,1.000,12,-0.833,English
gained,1,0.000,0.000,0,1.000,1.000,12,-1.000,English
acceptance,1,0.000,0.000,0,1.000,1.000,12,-1.000,English
inferiors,1,0.000,0.000,0,1.000,1.000,12,-1.000,English
battle,1,0.000,0.000,0,1.000,1.000,12,-1.000,English
war,1,0.167,0.005,2,1.000,1.000,12,-0.833,English
handicap,1,1.000,1.000,12,1.000,1.000,12,0.000,Neutral
their,1,0.000,0.000,0,1.000,1.000,12,-1.000,English
team,1,0.000,0.000,0,1.000,1.000,12,-1.000,English
played,1,0.000,0.000,0,1.000,1.000,12,-1.000,English
visit,1,0.250,0.016,3,1.000,1.000,12,-0.750,English
disappointment,1,0.000,0.000,0,1.000,1.000,12,-1.000,English
dodging,1,0.000,0.000,0,1.000,1.000,12,-1.000,English
disaster,1,0.250,0.016,3,1.000,1.000,12,-0.750,English
expect,1,0.000,0.000,0,1.000,1.000,12,-1.000,English
matter,1,0.000,0.000,0,1.000,1.000,12,-1.000,English
tongue,1,0.083,0.001,1,1.000,1.000,12,-0.917,English
always,1,0.000,0.000,0,1.000,1.000,12,-1.000,English
year,1,0.167,0.005,2,1.000,1.000,12,-0.833,English
assignments,1,0.083,0.001,1,1.000,1.000,12,-0.917,English
vice,1,1.000,1.000,12,1.000,1.000,12,0.000,Neutral
yippee,1,0.083,0.001,1,1.000,1.000,12,-0.917,English
yay,1,0.000,0.000,0,1.000,1.000,12,-1.000,English
illiterate,1,0.000,0.000,0,1.000,1.000,12,-1.000,English
incompetent,1,1.000,1.000,12,1.000,1.000,12,0.000,Neutral
cowards,1,0.083,0.001,1,1.000,1.000,12,-0.917,English
amateur,1,1.000,1.000,12,1.000,1.000,12,0.000,Neutral
fool,1,0.000,0.000,0,1.000,1.000,12,-1.000,English
embarrassment,1,0.083,0.001,1,1.000,1.000,12,-0.917,English
spies,1,0.000,0.000,0,1.000,1.000,12,-1.000,English
everywhere,1,0.083,0.001,1,1.000,1.000,12,-0.917,English
morbidly,1,0.250,0.016,3,1.000,1.000,12,-0.750,English
obese,1,1.000,1.000,12,1.000,1.000,12,0.000,Neutral
running,1,0.167,0.005,2,1.000,1.000,12,-0.833,English
away,1,0.083,0.001,1,1.000,1.000,12,-0.917,English
filthy,1,0.083,0.001,1,1.000,1.000,12,-0.917,English
jar,1,0.167,0.005,2,1.000,1.000,12,-0.833,English
doomed,1,0.000,0.000,0,1.000,1.000,12,-1.000,English
look,1,1.000,1.000,12,1.000,1.000,12,0.000,Neutral
warmed,1,0.167,0.005,2,1.000,1.000,12,-0.833,English
precious,1,0.000,0.000,0,1.000,1.000,12,-1.000,English
sandvich,1,0.000,0.000,0,0.583,0.198,7,-0.583,English
save,1,0.167,0.005,2,1.000,1.000,12,-0.833,English
fatty,1,0.000,0.000,0,1.000,1.000,12,-1.000,English
laughing,1,0.083,0.001,1,1.000,1.000,12,-0.917,English
live,1,0.083,0.001,1,1.000,1.000,12,-0.917,English
